PIcoverRate,MAPE
93.75,62.608170588109
96.875,46.84836722953
96.875,46.1805890179281
